[
  {
    "id": "block-telnet",
    "action": "block",
    "direction": "any",
    "proto": "TCP",
    "src_ip": null,
    "dst_ip": null,
    "src_port": null,
    "dst_port": 23,
    "comment": "Block telnet (port 23)"
  },
  {
    "id": "allow-local",
    "action": "allow",
    "direction": "in",
    "proto": "ANY",
    "src_ip": "192.168.1.0/24",
    "dst_ip": null,
    "src_port": null,
    "dst_port": null,
    "comment": "Allow LAN"
  },
  {
    "id": "block-bad-ip",
    "action": "block",
    "direction": "any",
    "proto": "ANY",
    "src_ip": "203.0.113.45",
    "dst_ip": null,
    "src_port": null,
    "dst_port": null,
    "comment": "Block known bad host"
  }
]
